Rk,Name,Inducted,Yrs,From,To,ASG,WAR/pos,G,PA,AB,R,H,2B,3B,HR,RBI,SB,CS,BB,SO,IBB,GDP,SF,SH,BA,OBP,SLG,OPS,playerID
1,Henry Aaron,1982,23,1954,1976,25,143.2,3298,13941,12364,2174,3771,624,98,755,2297,240,73.0,1402,1383.0,293.0,328.0,121.0,21.0,0.305,0.374,0.555,0.928,aaronha01
2,Grover Alexander,1938,20,1911,1930,0,3.1,703,1982,1810,154,378,60,13,11,163,3,6.0,77,276.0,0.0,,,88.0,0.209,0.242,0.275,0.517,alexape01
3,Dick Allen,2025,15,1963,1977,7,58.7,1749,7315,6332,1099,1848,320,79,351,1119,133,52.0,894,1556.0,138.0,164.0,53.0,19.0,0.292,0.378,0.534,0.912,allendi01
4,Roberto Alomar,2011,17,1988,2004,12,67.0,2379,10400,9073,1508,2724,504,80,210,1134,474,114.0,1032,1140.0,62.0,206.0,97.0,148.0,0.3,0.371,0.443,0.814,alomaro01
5,Walter Alston,1983,1,1936,1936,0,0.0,1,1,1,0,0,0,0,0,0,0,0.0,0,1.0,0.0,0.0,,0.0,0.0,0.0,0.0,0.0,alstowa01
6,Sparky Anderson,2000,1,1959,1959,0,-1.2,152,527,477,42,104,9,3,0,34,6,9.0,42,53.0,1.0,15.0,2.0,5.0,0.218,0.282,0.249,0.531,andersp01
7,Cap Anson,1939,27,1871,1897,0,94.4,2524,11331,10281,1999,3435,582,142,97,2075,277,16.0,984,330.0,,6.0,,34.0,0.334,0.394,0.447,0.841,ansonca01
8,Luis Aparicio,1984,18,1956,1973,13,55.8,2599,11231,10230,1335,2677,394,92,83,791,506,136.0,736,742.0,22.0,184.0,76.0,161.0,0.262,0.311,0.343,0.653,aparilu01
9,Luke Appling,1964,20,1930,1950,7,77.2,2422,10254,8856,1319,2749,440,102,45,1116,179,108.0,1302,528.0,68.0,129.0,,74.0,0.31,0.399,0.398,0.798,applilu01
10,Richie Ashburn,1995,15,1948,1962,6,64.3,2189,9737,8365,1322,2574,317,109,29,586,234,117.0,1198,571.0,40.0,83.0,18.0,112.0,0.308,0.396,0.382,0.778,ashburi01
11,Earl Averill,1975,13,1929,1941,6,51.6,1669,7221,6353,1224,2019,401,128,238,1164,70,58.0,774,518.0,36.0,7.0,,55.0,0.318,0.395,0.534,0.928,averiea01
12,Jeff Bagwell,2017,15,1991,2005,4,79.9,2150,9431,7797,1517,2314,488,32,449,1529,202,78.0,1401,1558.0,155.0,221.0,102.0,3.0,0.297,0.408,0.54,0.948,bagweje01
13,Harold Baines,2019,22,1980,2001,6,38.7,2830,11092,9908,1299,2866,488,49,384,1628,34,34.0,1062,1441.0,187.0,298.0,99.0,9.0,0.289,0.356,0.465,0.82,baineha01
14,Home Run Baker,1955,13,1908,1922,0,62.8,1575,6677,5984,887,1838,315,103,96,991,235,54.0,473,344.0,,,,153.0,0.307,0.363,0.442,0.805,bakerfr01
15,Dave Bancroft,1971,16,1915,1930,0,49.9,1913,8250,7182,1048,2004,320,77,32,591,145,90.0,827,487.0,4.0,,,212.0,0.279,0.355,0.358,0.714,bancrda01
16,Ernie Banks,1977,19,1953,1971,14,67.7,2528,10396,9421,1305,2583,407,90,512,1636,50,53.0,763,1236.0,202.0,229.0,96.0,45.0,0.274,0.33,0.5,0.83,bankser01
17,Jake Beckley,1971,20,1888,1907,0,61.5,2392,10518,9551,1603,2938,473,244,87,1581,315,,616,526.0,,,,167.0,0.308,0.361,0.436,0.797,becklja01
18,Cool Papa Bell,1974,21,1922,1946,8,30.9,1202,5361,4767,1152,1548,262,72,57,596,285,,531,,1.0,0.0,0.0,49.0,0.325,0.394,0.446,0.84,bellco99
19,Adrian Beltré,2024,21,1998,2018,4,93.7,2933,12130,11068,1524,3166,636,38,477,1707,121,42.0,848,1732.0,112.0,279.0,103.0,14.0,0.286,0.339,0.48,0.819,beltrad01
20,Johnny Bench,1989,17,1967,1983,14,75.1,2158,8674,7658,1091,2048,381,24,389,1376,68,43.0,891,1278.0,135.0,201.0,90.0,11.0,0.267,0.342,0.476,0.817,benchjo01
21,Charles Bender,1953,16,1903,1925,0,5.2,507,1286,1147,102,243,40,10,6,116,20,2.0,75,160.0,0.0,,,42.0,0.212,0.266,0.28,0.546,bendech01
22,Yogi Berra,1972,19,1946,1965,18,59.5,2120,8364,7555,1175,2150,321,49,358,1430,30,26.0,704,414.0,91.0,146.0,44.0,9.0,0.285,0.348,0.482,0.83,berrayo01
23,Craig Biggio,2015,20,1988,2007,7,65.4,2850,12504,10876,1844,3060,668,55,291,1175,414,124.0,1160,1753.0,68.0,150.0,81.0,101.0,0.281,0.363,0.433,0.796,biggicr01
24,Bert Blyleven,2011,22,1970,1992,2,-1.6,218,514,451,19,59,7,0,0,25,0,0.0,5,193.0,0.0,4.0,0.0,56.0,0.131,0.144,0.146,0.29,blylebe01
25,Wade Boggs,2005,18,1982,1999,12,91.4,2439,10740,9180,1513,3010,578,61,118,1014,24,35.0,1412,745.0,180.0,236.0,96.0,29.0,0.328,0.415,0.443,0.858,boggswa01
26,Jim Bottomley,1974,16,1922,1937,0,35.9,1991,8358,7471,1177,2313,465,151,219,1422,58,55.0,664,591.0,35.0,33.0,,177.0,0.31,0.369,0.5,0.869,bottoji01
27,Lou Boudreau,1970,15,1938,1952,7,63.1,1646,7025,6029,861,1779,385,66,68,789,51,50.0,796,309.0,40.0,155.0,,164.0,0.295,0.38,0.415,0.795,boudrlo01
28,Roger Bresnahan,1945,17,1897,1915,0,42.1,1446,5389,4481,682,1252,218,71,26,530,212,4.0,714,403.0,,,,112.0,0.279,0.386,0.377,0.764,bresnro01
29,George Brett,1999,21,1973,1993,13,88.6,2707,11625,10349,1583,3154,665,137,317,1596,201,97.0,1096,908.0,229.0,235.0,120.0,26.0,0.305,0.369,0.487,0.857,brettge01
30,Lou Brock,1985,19,1961,1979,6,45.3,2616,11240,10332,1610,3023,486,141,149,900,938,307.0,761,1730.0,124.0,114.0,46.0,47.0,0.293,0.343,0.41,0.753,brocklo01
31,Dan Brouthers,1945,19,1879,1904,0,79.8,1676,7691,6726,1529,2303,462,206,107,1301,257,,840,238.0,,,,20.0,0.342,0.423,0.52,0.943,broutda01
32,Mordecai Brown,1949,14,1903,1916,0,1.1,493,1244,1143,93,235,20,11,2,73,8,0.0,44,199.0,,,,49.0,0.206,0.236,0.248,0.483,brownmo01
33,Ray Brown,2006,14,1931,1945,2,6.5,429,1407,1260,193,335,74,21,25,197,10,,123,,2.0,0.0,0.0,23.0,0.266,0.332,0.417,0.749,brownra99
34,Willard Brown,2006,11,1937,1948,7,20.2,431,1785,1652,332,580,127,44,54,391,80,2.0,125,7.0,1.0,2.0,0.0,4.0,0.351,0.398,0.579,0.977,brownwi02
35,Jim Bunning,1996,17,1955,1971,9,-0.9,601,1401,1275,82,213,21,4,7,75,0,2.0,34,362.0,0.0,36.0,6.0,85.0,0.167,0.188,0.206,0.395,bunniji01
36,Jesse Burkett,1946,16,1890,1905,0,62.8,2067,9629,8426,1720,2850,320,182,75,952,389,,1029,613.0,,,,90.0,0.338,0.415,0.446,0.861,burkeje01
37,Roy Campanella,1969,18,1937,1957,11,42.0,1449,5727,5030,786,1422,232,31,260,1019,38,20.0,609,501.0,114.0,146.0,18.0,35.0,0.283,0.363,0.496,0.859,camparo01
38,Rod Carew,1991,19,1967,1985,18,81.2,2469,10550,9315,1424,3053,445,112,92,1015,353,187.0,1018,1028.0,144.0,216.0,64.0,128.0,0.328,0.393,0.429,0.822,carewro01
39,Max Carey,1961,20,1910,1929,0,55.6,2476,10772,9363,1545,2665,419,159,70,802,738,127.0,1040,695.0,6.0,,,290.0,0.285,0.361,0.386,0.747,careyma01
40,Steve Carlton,1994,24,1965,1988,10,6.1,699,1881,1719,123,346,49,6,13,140,2,2.0,41,413.0,0.0,33.0,13.0,94.0,0.201,0.223,0.259,0.482,carltst01
41,Gary Carter,2003,19,1974,1992,11,70.1,2296,9019,7971,1025,2092,371,31,324,1225,39,42.0,848,997.0,106.0,180.0,99.0,33.0,0.262,0.335,0.439,0.773,cartega01
42,Orlando Cepeda,1999,17,1958,1974,11,50.1,2124,8699,7927,1131,2351,417,27,379,1365,142,80.0,588,1169.0,154.0,218.0,74.0,4.0,0.297,0.35,0.499,0.849,cepedor01
43,Frank Chance,1946,17,1898,1914,0,46.0,1288,5138,4299,798,1274,200,79,20,596,403,0.0,556,320.0,,,,111.0,0.296,0.394,0.394,0.788,chancfr01
44,Oscar Charleston,1976,18,1920,1941,3,48.4,918,3885,3317,854,1210,241,80,143,853,210,,478,,0.0,0.0,,62.0,0.365,0.449,0.615,1.064,charlos99
45,Jack Chesbro,1946,11,1899,1909,0,0.2,393,1155,1103,85,217,37,13,5,82,5,,25,269.0,,,,21.0,0.197,0.216,0.267,0.483,chesbja01
46,Fred Clarke,1945,21,1894,1915,0,68.0,2246,9864,8584,1622,2678,361,220,67,1015,509,0.0,875,511.0,,,,225.0,0.312,0.386,0.429,0.814,clarkfr01
47,John Clarkson,1963,12,1882,1894,0,-1.8,546,2060,1974,254,432,73,26,24,232,31,,81,382.0,,,,4.0,0.219,0.25,0.319,0.569,clarkjo01
48,Roberto Clemente,1973,18,1955,1972,15,94.9,2433,10212,9454,1416,3000,440,166,240,1305,83,46.0,621,1230.0,167.0,275.0,66.0,36.0,0.317,0.359,0.475,0.834,clemero01
49,Ty Cobb,1936,24,1905,1928,0,151.4,3034,13103,11440,2245,4189,724,295,117,1944,897,215.0,1249,680.0,9.0,,,292.0,0.366,0.433,0.512,0.944,cobbty01
50,Mickey Cochrane,1947,13,1925,1937,2,49.8,1482,6211,5169,1041,1652,333,64,119,830,64,47.0,857,217.0,20.0,,,151.0,0.32,0.419,0.478,0.897,cochrmi01
51,Eddie Collins,1939,25,1906,1930,0,124.3,2826,12087,9949,1821,3315,438,187,47,1299,741,196.0,1499,467.0,15.0,,,512.0,0.333,0.424,0.429,0.853,collied01
52,Jimmy Collins,1945,14,1895,1908,0,53.3,1725,7460,6795,1055,1999,352,116,65,983,194,,426,266.0,,,,147.0,0.294,0.343,0.409,0.752,colliji01
53,Earle Combs,1970,12,1924,1935,0,45.0,1455,6514,5746,1186,1866,309,154,58,633,98,70.0,670,278.0,8.0,,,74.0,0.325,0.397,0.462,0.859,combsea01
54,Charlie Comiskey,1939,13,1882,1894,0,7.7,1390,6040,5796,992,1529,207,68,28,883,416,,197,132.0,,,,5.0,0.264,0.293,0.337,0.63,comisch01
55,Jocko Conlan,1974,2,1934,1935,0,-0.6,128,417,365,55,96,18,4,0,31,5,5.0,33,13.0,0.0,,,17.0,0.263,0.328,0.334,0.662,conlajo01
56,Roger Connor,1976,18,1880,1897,0,84.3,1998,8847,7797,1620,2467,441,233,138,1323,244,,1002,455.0,,,,9.0,0.316,0.397,0.486,0.883,connoro01
57,Andy Cooper,2006,14,1920,1939,2,-0.7,298,622,580,46,105,10,8,3,35,0,,26,,0.0,,,15.0,0.181,0.217,0.241,0.459,coopean99
58,Stan Coveleski,1969,14,1912,1928,0,-5.0,451,1196,1058,70,168,26,10,1,81,0,1.0,53,309.0,0.0,,,72.0,0.159,0.202,0.205,0.407,covelst01
59,Bobby Cox,2014,2,1968,1969,0,0.9,220,719,628,50,141,22,2,9,58,3,3.0,75,126.0,14.0,17.0,7.0,3.0,0.225,0.31,0.309,0.619,coxbo01
60,Sam Crawford,1957,19,1899,1917,0,75.4,2517,10627,9570,1391,2961,458,309,97,1523,367,43.0,760,580.0,,,,241.0,0.309,0.362,0.452,0.814,crawfsa01
61,Joe Cronin,1956,20,1926,1945,7,64.8,2124,8840,7579,1233,2285,515,118,170,1424,87,71.0,1059,700.0,41.0,57.0,,166.0,0.301,0.39,0.468,0.857,cronijo01
62,Candy Cummings,1939,6,1872,1877,0,-2.1,247,1084,1068,149,227,29,9,0,107,3,2.0,16,51.0,,4.0,,,0.213,0.224,0.257,0.481,cummica01
63,Kiki Cuyler,1968,18,1921,1938,1,48.1,1879,8100,7161,1305,2299,394,157,128,1065,328,148.0,676,752.0,20.0,53.0,,176.0,0.321,0.386,0.474,0.86,cuyleki01
64,Ray Dandridge,1987,8,1933,1944,3,5.2,246,1000,927,144,296,55,19,4,146,20,,58,,0.0,,,14.0,0.319,0.36,0.433,0.793,dandrra99
65,George Davis,1998,20,1890,1909,0,84.9,2372,10188,9045,1545,2665,453,163,73,1440,619,,874,613.0,,,,184.0,0.295,0.362,0.405,0.767,davisge01
66,Andre Dawson,2010,21,1976,1996,8,64.8,2627,10769,9927,1373,2774,503,98,438,1591,314,109.0,589,1509.0,143.0,217.0,118.0,24.0,0.279,0.323,0.482,0.806,dawsoan01
67,Leon Day,1995,10,1934,1946,9,4.0,209,674,619,99,194,34,9,5,83,7,,46,,0.0,0.0,0.0,9.0,0.313,0.361,0.422,0.783,dayle99
68,Dizzy Dean,1953,12,1930,1947,4,2.3,325,766,717,76,161,23,4,8,76,5,3.0,9,104.0,0.0,12.0,,39.0,0.225,0.235,0.301,0.536,deandi01
69,Ed Delahanty,1945,16,1888,1903,0,69.6,1837,8402,7510,1600,2597,522,186,101,1466,456,,742,439.0,,,,54.0,0.346,0.411,0.505,0.917,delahed01
70,Bill Dickey,1954,17,1928,1946,11,56.4,1789,7065,6300,930,1969,343,72,202,1209,36,32.0,678,289.0,101.0,49.0,,51.0,0.313,0.382,0.486,0.868,dickebi01
71,Martín Dihigo,1977,9,1923,1945,2,12.4,397,1617,1418,290,436,71,19,68,309,47,,184,,0.0,,,9.0,0.307,0.389,0.528,0.918,dihigma99
72,Joe DiMaggio,1955,13,1936,1951,13,79.1,1736,7672,6821,1390,2214,389,131,361,1537,30,9.0,790,369.0,111.0,130.0,,14.0,0.325,0.398,0.579,0.977,dimagjo01
73,Larry Doby,1998,17,1942,1959,9,56.7,1674,6920,5883,1080,1697,276,72,273,1099,64,36.0,945,1011.0,60.0,97.0,25.0,27.0,0.288,0.389,0.499,0.888,dobyla01
74,Bobby Doerr,1986,14,1937,1951,9,51.3,1865,8030,7093,1094,2042,381,89,223,1247,54,64.0,809,608.0,53.0,187.0,,115.0,0.288,0.362,0.461,0.823,doerrbo01
75,Don Drysdale,1984,14,1956,1969,9,5.8,547,1309,1169,96,218,26,7,29,113,0,2.0,60,370.0,0.0,34.0,6.0,69.0,0.186,0.228,0.295,0.523,drysddo01
76,Hugh Duffy,1945,17,1888,1906,0,43.1,1737,7842,7044,1554,2293,325,119,106,1302,574,,664,268.0,,,,104.0,0.326,0.386,0.451,0.837,duffyhu01
77,Leo Durocher,1994,17,1925,1945,3,4.1,1637,5829,5350,575,1320,210,56,24,567,31,41.0,377,480.0,34.0,109.0,,82.0,0.247,0.299,0.32,0.619,durocle01
78,Dennis Eckersley,2004,24,1975,1998,6,-0.2,218,196,181,9,24,3,0,3,12,0,0.0,9,84.0,0.0,1.0,1.0,5.0,0.133,0.173,0.199,0.372,eckerde01
79,Johnny Evers,1946,18,1902,1929,0,47.7,1784,7230,6137,919,1659,216,70,12,536,324,26.0,778,293.0,0.0,,,256.0,0.27,0.356,0.334,0.69,eversjo01
80,Buck Ewing,1939,18,1880,1897,0,48.0,1315,5772,5363,1129,1625,250,178,71,883,354,,392,294.0,,,,8.0,0.303,0.351,0.456,0.807,ewingbu01
81,Red Faber,1964,20,1914,1933,0,-3.6,670,1559,1269,98,170,21,2,3,71,7,0.0,169,479.0,0.0,,,104.0,0.134,0.24,0.161,0.401,faberre01
82,Bob Feller,1962,18,1936,1956,8,-1.8,570,1486,1282,99,193,28,13,8,99,1,2.0,100,505.0,0.0,15.0,0.0,100.0,0.151,0.214,0.211,0.425,fellebo01
83,Rick Ferrell,1984,18,1929,1947,7,30.7,1884,7076,6028,687,1692,324,45,28,734,29,35.0,931,277.0,68.0,55.0,,103.0,0.281,0.378,0.363,0.741,ferreri01
84,Rollie Fingers,1992,17,1968,1985,7,0.6,497,201,180,10,31,3,0,2,9,0,0.0,3,45.0,0.0,2.0,0.0,18.0,0.172,0.186,0.222,0.408,fingero01
85,Carlton Fisk,2000,24,1969,1993,11,68.4,2499,9853,8756,1276,2356,421,47,376,1330,128,58.0,849,1386.0,105.0,204.0,79.0,26.0,0.269,0.341,0.457,0.797,fiskca01
86,Elmer Flick,1963,13,1898,1910,0,52.7,1483,6434,5597,950,1752,268,164,48,756,330,,597,567.0,,,,121.0,0.313,0.389,0.445,0.834,flickel01
87,Whitey Ford,1974,16,1950,1967,10,3.5,500,1208,1023,91,177,19,0,3,69,3,2.0,113,224.0,0.0,10.0,4.0,65.0,0.173,0.256,0.2,0.457,fordwh01
88,Bill Foster,1996,14,1923,1937,2,1.4,264,623,577,68,126,11,6,4,49,1,,35,,0.0,,,11.0,0.218,0.263,0.279,0.542,fostebi99
89,Nellie Fox,1997,19,1947,1965,15,49.3,2367,10351,9232,1279,2663,355,112,35,790,76,80.0,719,216.0,30.0,175.0,48.0,208.0,0.288,0.348,0.363,0.71,foxne01
90,Jimmie Foxx,1951,20,1925,1945,9,92.1,2317,9677,8134,1751,2646,458,125,534,1922,87,77.0,1452,1311.0,134.0,69.0,,72.0,0.325,0.428,0.609,1.038,foxxji01
91,Frankie Frisch,1947,19,1919,1937,3,72.0,2311,10101,9112,1532,2880,466,138,105,1244,419,176.0,728,272.0,25.0,55.0,,229.0,0.316,0.369,0.432,0.801,friscfr01
92,Pud Galvin,1965,15,1875,1892,0,-9.8,731,2788,2748,278,552,87,31,5,220,23,0.0,38,631.0,,1.0,,,0.201,0.212,0.261,0.473,galvipu01
93,Lou Gehrig,1939,17,1923,1939,7,113.7,2164,9665,8001,1888,2721,534,163,493,1995,102,102.0,1508,790.0,114.0,2.0,,107.0,0.34,0.447,0.632,1.08,gehrilo01
94,Charlie Gehringer,1949,19,1924,1942,6,84.8,2323,10245,8860,1775,2839,574,146,184,1427,181,93.0,1186,372.0,43.0,27.0,,141.0,0.32,0.404,0.48,0.884,gehrich01
95,Bob Gibson,1981,17,1959,1975,9,7.5,596,1489,1328,132,274,44,5,24,144,13,10.0,63,415.0,0.0,13.0,18.0,72.0,0.206,0.243,0.301,0.545,gibsobo01
96,Josh Gibson,1972,14,1930,1946,12,38.3,602,2526,2168,612,808,135,58,166,733,40,,336,,11.0,1.0,0.0,18.0,0.373,0.458,0.718,1.176,gibsojo99
97,Tom Glavine,2014,22,1987,2008,10,6.8,688,1645,1323,93,246,25,2,1,90,1,0.0,101,329.0,0.0,14.0,3.0,216.0,0.186,0.244,0.21,0.454,glavito02
98,Lefty Gomez,1972,14,1930,1943,7,-4.5,368,1024,904,59,133,11,0,0,58,1,1.0,50,252.0,0.0,5.0,,68.0,0.147,0.194,0.159,0.353,gomezle01
99,Joe Gordon,2009,11,1938,1950,9,55.6,1566,6537,5707,914,1530,264,52,253,975,89,60.0,759,702.0,87.0,159.0,,41.0,0.268,0.357,0.466,0.822,gordojo01
100,Goose Goslin,1968,18,1921,1938,1,65.9,2287,9831,8656,1482,2735,500,173,248,1612,176,94.0,949,585.0,67.0,,,162.0,0.316,0.387,0.5,0.887,gosligo01
101,Rich Gossage,2008,22,1972,1994,9,-0.5,388,93,85,1,9,1,0,0,2,0,0.0,4,37.0,0.0,2.0,0.0,4.0,0.106,0.146,0.118,0.264,gossari01
102,Hank Greenberg,1956,13,1930,1947,4,55.6,1394,6098,5193,1046,1628,379,71,331,1274,58,30.0,852,844.0,82.0,66.0,,35.0,0.313,0.412,0.605,1.017,greenha01
103,Ken Griffey Jr.,2016,22,1989,2010,13,83.8,2671,11304,9801,1662,2781,524,38,630,1836,184,69.0,1312,1779.0,246.0,199.0,102.0,8.0,0.284,0.37,0.538,0.907,griffke02
104,Clark Griffith,1946,21,1891,1914,0,3.9,485,1590,1380,202,321,49,17,8,166,22,1.0,166,126.0,,,,27.0,0.233,0.318,0.31,0.628,griffcl01
105,Burleigh Grimes,1964,19,1916,1934,0,6.2,632,1687,1535,157,380,62,11,2,168,15,6.0,69,241.0,0.0,1.0,,76.0,0.248,0.282,0.306,0.588,grimebu01
106,Lefty Grove,1947,17,1925,1941,6,-6.5,619,1580,1369,119,202,27,5,15,121,1,1.0,105,593.0,0.0,1.0,,103.0,0.148,0.209,0.207,0.417,grovele01
107,Vladimir Guerrero,2018,16,1996,2011,9,59.5,2147,9059,8155,1328,2590,477,46,449,1496,181,94.0,737,985.0,250.0,277.0,64.0,0.0,0.318,0.379,0.553,0.931,guerrvl01
108,Tony Gwynn,2007,20,1982,2001,15,69.1,2440,10232,9288,1383,3141,543,85,135,1138,319,125.0,790,434.0,203.0,259.0,85.0,45.0,0.338,0.388,0.459,0.847,gwynnto01
109,Chick Hafey,1971,13,1924,1937,1,31.2,1283,5116,4625,777,1466,341,67,164,833,70,52.0,372,477.0,37.0,28.0,,83.0,0.317,0.372,0.526,0.898,hafeych01
110,Jesse Haines,1970,19,1918,1937,0,-3.0,560,1215,1124,76,209,23,2,3,79,2,1.0,30,246.0,0.0,1.0,,59.0,0.186,0.208,0.218,0.426,haineje01
111,Roy Halladay,2019,16,1998,2013,8,-1.1,115,305,275,15,34,2,0,0,12,0,0.0,4,137.0,0.0,2.0,0.0,26.0,0.124,0.136,0.131,0.267,hallaro01
112,Billy Hamilton,1961,14,1888,1901,0,63.2,1594,7609,6283,1697,2164,242,95,40,742,914,,1189,362.0,,,,47.0,0.344,0.455,0.432,0.888,hamilbi01
113,Ned Hanlon,1996,13,1880,1892,0,18.1,1270,5577,5087,931,1318,159,79,30,518,329,,472,357.0,,,,,0.259,0.324,0.339,0.663,hanlone01
114,Bucky Harris,1975,12,1919,1931,0,16.3,1263,5568,4736,722,1297,224,64,9,508,167,97.0,472,310.0,0.0,,,249.0,0.274,0.352,0.354,0.706,harribu01
115,Gabby Hartnett,1955,20,1922,1941,6,55.5,1990,7300,6432,867,1912,396,64,236,1179,28,32.0,703,697.0,114.0,93.0,,127.0,0.297,0.37,0.489,0.858,hartnga01
116,Harry Heilmann,1952,17,1914,1932,0,72.2,2147,8972,7787,1291,2660,542,151,183,1543,113,74.0,856,550.0,36.0,,,277.0,0.342,0.41,0.52,0.93,heilmha01
117,Todd Helton,2024,17,1997,2013,5,61.8,2247,9453,7962,1401,2519,592,37,369,1406,37,29.0,1335,1175.0,185.0,186.0,93.0,3.0,0.316,0.414,0.539,0.953,heltoto01
118,Rickey Henderson,2009,25,1979,2003,10,111.2,3081,13346,10961,2295,3055,510,66,297,1115,1406,335.0,2190,1694.0,61.0,172.0,67.0,30.0,0.279,0.401,0.419,0.82,henderi01
119,Billy Herman,1975,15,1931,1947,10,57.6,1922,8641,7707,1163,2345,486,82,47,839,67,72.0,737,428.0,34.0,191.0,,171.0,0.304,0.367,0.407,0.774,hermabi01
120,Whitey Herzog,2010,8,1956,1963,0,2.8,634,1885,1614,213,414,60,20,25,172,13,18.0,241,261.0,8.0,25.0,8.0,15.0,0.257,0.354,0.365,0.719,herzowh01
121,Pete Hill,2006,5,1920,1925,0,4.2,159,610,508,81,154,22,8,7,84,11,,84,,,,,10.0,0.303,0.41,0.419,0.829,hillpe99
122,Gil Hodges,2022,18,1943,1963,8,43.8,2071,8104,7030,1105,1921,295,48,370,1274,63,42.0,943,1137.0,109.0,165.0,50.0,56.0,0.273,0.359,0.487,0.846,hodgegi01
123,Trevor Hoffman,2018,18,1993,2010,7,-0.2,1007,36,34,1,4,2,0,0,5,0,0.0,0,11.0,0.0,0.0,0.0,2.0,0.118,0.118,0.176,0.294,hoffmtr01
124,Harry Hooper,1971,17,1909,1925,0,53.5,2309,10278,8785,1429,2466,389,160,75,816,375,141.0,1136,582.0,3.0,,,247.0,0.281,0.368,0.387,0.755,hoopeha01
125,Rogers Hornsby,1942,23,1915,1937,0,127.1,2259,9481,8173,1579,2930,541,169,301,1584,135,81.0,1038,679.0,54.0,3.0,,216.0,0.358,0.434,0.577,1.01,hornsro01
126,Waite Hoyt,1969,21,1918,1938,0,-1.8,674,1423,1287,96,255,26,11,0,100,0,1.0,40,161.0,0.0,10.0,,91.0,0.198,0.223,0.235,0.458,hoytwa01
127,Carl Hubbell,1947,16,1928,1943,9,-0.4,535,1397,1288,95,246,30,2,4,101,1,2.0,33,172.0,0.0,12.0,,75.0,0.191,0.212,0.227,0.439,hubbeca01
128,Miller Huggins,1964,13,1904,1916,0,35.4,1586,6825,5558,948,1474,146,50,9,318,324,31.0,1003,556.0,,,,192.0,0.265,0.382,0.314,0.696,huggimi01
129,Catfish Hunter,1987,15,1965,1979,8,4.6,304,710,658,60,149,16,3,6,51,2,0.0,8,160.0,0.0,10.0,5.0,39.0,0.226,0.234,0.287,0.521,hunteca01
130,Monte Irvin,1973,18,1938,1956,7,32.1,1044,4062,3523,580,1076,155,43,139,684,52,9.0,474,220.0,26.0,81.0,11.0,24.0,0.305,0.391,0.492,0.883,irvinmo01
131,Reggie Jackson,1993,21,1967,1987,14,74.0,2820,11418,9864,1551,2584,463,49,563,1702,228,115.0,1375,2597.0,164.0,183.0,68.0,13.0,0.262,0.356,0.49,0.846,jacksre01
132,Travis Jackson,1982,15,1922,1936,1,44.2,1656,6682,6086,833,1768,291,86,135,929,71,70.0,412,565.0,29.0,39.0,,171.0,0.291,0.337,0.433,0.77,jackstr01
133,Fergie Jenkins,1991,19,1965,1983,3,2.0,413,1010,896,54,148,27,6,13,85,0,1.0,41,326.0,0.0,9.0,7.0,66.0,0.165,0.2,0.252,0.452,jenkife01
134,Hughie Jennings,1945,18,1891,1918,0,42.3,1284,5648,4895,992,1526,232,88,18,840,359,0.0,347,234.0,,,,119.0,0.312,0.391,0.406,0.797,jennihu01
135,Derek Jeter,2020,20,1995,2014,14,71.3,2747,12602,11195,1923,3465,544,66,260,1311,358,97.0,1082,1840.0,39.0,287.0,58.0,97.0,0.31,0.377,0.44,0.817,jeterde01
136,Judy Johnson,1975,11,1923,1936,2,13.6,709,2884,2663,467,809,152,40,25,457,75,5.0,185,14.0,,,,30.0,0.304,0.35,0.419,0.769,johnsju99
137,Randy Johnson,2015,22,1988,2009,10,-2.5,273,691,625,20,78,14,0,1,40,0,0.0,19,296.0,0.0,10.0,1.0,44.0,0.125,0.153,0.152,0.305,johnsra05
138,Walter Johnson,1936,21,1907,1927,0,12.7,934,2534,2324,241,547,94,41,24,255,13,4.0,110,419.0,0.0,,,70.0,0.235,0.274,0.342,0.616,johnswa01
139,Chipper Jones,2018,19,1993,2012,8,85.3,2499,10614,8984,1619,2726,549,38,468,1623,150,46.0,1512,1409.0,177.0,253.0,97.0,3.0,0.303,0.401,0.529,0.93,jonesch06
140,Addie Joss,1978,9,1902,1910,0,-2.3,296,919,817,46,118,21,6,1,51,10,,54,297.0,,,,39.0,0.144,0.198,0.188,0.387,jossad01
141,Jim Kaat,2022,25,1959,1983,3,5.3,840,1363,1251,117,232,44,5,16,106,5,1.0,63,367.0,1.0,14.0,7.0,34.0,0.185,0.227,0.267,0.494,kaatji01
142,Al Kaline,1980,22,1953,1974,18,92.7,2834,11597,10116,1622,3007,498,75,399,1582,137,65.0,1277,1020.0,133.0,271.0,104.0,45.0,0.297,0.376,0.48,0.855,kalinal01
143,Tim Keefe,1964,14,1880,1893,0,-2.3,618,2262,2083,248,390,60,38,12,134,13,,175,411.0,,,,,0.187,0.252,0.27,0.521,keefeti01
144,Willie Keeler,1939,19,1892,1910,0,54.3,2123,9619,8591,1719,2932,241,145,33,810,495,,524,136.0,,,,366.0,0.341,0.388,0.415,0.802,keelewi01
145,George Kell,1983,15,1943,1957,10,37.6,1795,7529,6702,880,2054,385,50,78,870,51,36.0,621,287.0,33.0,188.0,20.0,149.0,0.306,0.367,0.414,0.781,kellge01
146,Joe Kelley,1971,17,1891,1908,0,50.4,1853,8163,7006,1421,2220,358,194,65,1194,443,,911,430.0,,,,140.0,0.317,0.402,0.451,0.853,kellejo01
147,George Kelly,1973,16,1915,1932,0,25.6,1622,6570,5993,819,1778,337,76,148,1020,65,64.0,386,694.0,14.0,,,158.0,0.297,0.342,0.452,0.794,kellyge01
148,King Kelly,1945,16,1878,1893,0,47.0,1456,6457,5896,1357,1813,359,102,69,950,368,,549,418.0,,,,,0.307,0.368,0.438,0.806,kellyki01
149,Harmon Killebrew,1984,22,1954,1975,13,60.4,2435,9833,8147,1283,2086,290,24,573,1584,19,18.0,1559,1699.0,160.0,243.0,77.0,0.0,0.256,0.376,0.509,0.884,killeha01
150,Ralph Kiner,1975,10,1946,1955,6,48.1,1472,6256,5205,971,1451,216,39,369,1015,22,18.0,1011,749.0,90.0,126.0,7.0,9.0,0.279,0.398,0.548,0.946,kinerra01
151,Chuck Klein,1980,17,1928,1944,2,46.7,1753,7172,6486,1168,2076,398,74,300,1201,79,72.0,601,521.0,48.0,55.0,,69.0,0.32,0.379,0.543,0.922,kleinch01
152,Sandy Koufax,1972,12,1955,1966,7,-4.2,397,858,776,26,75,9,0,2,28,0,1.0,43,386.0,0.0,10.0,3.0,35.0,0.097,0.145,0.116,0.261,koufasa01
153,Tony La Russa,2014,6,1963,1973,0,-0.6,132,203,176,15,35,5,2,0,7,0,0.0,23,37.0,1.0,2.0,2.0,1.0,0.199,0.292,0.25,0.542,larusto01
154,Nap Lajoie,1937,21,1896,1916,0,106.9,2480,10471,9590,1504,3243,657,163,82,1599,380,26.0,516,347.0,,,,221.0,0.338,0.38,0.466,0.846,lajoina01
155,Barry Larkin,2012,19,1986,2004,12,70.5,2180,9057,7937,1329,2340,441,76,198,960,379,77.0,939,817.0,66.0,178.0,67.0,59.0,0.295,0.371,0.444,0.815,larkiba01
156,Tommy Lasorda,1997,3,1954,1956,0,-0.2,27,14,14,0,1,0,0,0,0,0,0.0,0,4.0,0.0,1.0,0.0,0.0,0.071,0.071,0.071,0.143,lasorto01
157,Tony Lazzeri,1991,14,1926,1939,1,47.6,1740,7314,6297,986,1840,334,115,178,1194,148,82.0,869,864.0,40.0,8.0,,116.0,0.292,0.38,0.467,0.846,lazzeto01
158,Bob Lemon,1976,15,1941,1958,7,10.7,615,1330,1183,148,274,54,9,37,147,2,1.0,93,241.0,0.0,9.0,3.0,49.0,0.232,0.288,0.386,0.674,lemonbo01
159,Buck Leonard,1972,14,1935,1948,13,30.0,604,2614,2163,549,748,144,50,97,548,32,,403,,2.0,2.0,0.0,28.0,0.346,0.453,0.593,1.046,leonabu99
160,Freddie Lindstrom,1976,13,1924,1936,0,28.5,1438,6109,5611,895,1747,301,81,103,779,84,99.0,334,276.0,11.0,35.0,,146.0,0.311,0.351,0.449,0.8,lindsfr01
161,John Henry Lloyd,1977,8,1921,1929,0,13.8,433,1786,1629,297,569,87,27,16,308,59,,133,,,,,20.0,0.349,0.4,0.465,0.865,lloydjo99
162,Ernie Lombardi,1986,17,1931,1947,7,37.7,1853,6353,5855,601,1792,277,27,190,990,8,9.0,430,262.0,153.0,261.0,,18.0,0.306,0.358,0.46,0.818,lombaer01
163,Al Lopez,1977,19,1928,1947,2,16.4,1950,6611,5916,613,1547,206,43,51,652,46,32.0,556,538.0,129.0,137.0,,121.0,0.261,0.326,0.337,0.663,lopezal01
164,Ted Lyons,1955,21,1923,1946,1,3.9,705,1729,1563,162,364,49,9,5,149,0,1.0,73,201.0,0.0,9.0,,83.0,0.233,0.27,0.285,0.556,lyonste01
165,Connie Mack,1937,11,1886,1896,0,6.9,724,2949,2698,392,659,79,28,5,265,127,,170,127.0,,,,17.0,0.244,0.305,0.3,0.604,mackco01
166,Biz Mackey,2006,22,1920,1947,5,25.8,900,3442,3081,497,1011,167,57,52,604,60,5.0,298,9.0,0.0,0.0,,47.0,0.328,0.39,0.47,0.86,mackebi99
167,Greg Maddux,2014,23,1986,2008,8,1.8,737,1812,1591,103,272,35,2,5,84,11,3.0,34,419.0,0.0,15.0,2.0,180.0,0.171,0.191,0.205,0.395,maddugr01
168,Mickey Mantle,1974,18,1951,1968,20,110.2,2401,9910,8102,1676,2415,344,72,536,1509,153,38.0,1733,1710.0,148.0,113.0,47.0,14.0,0.298,0.421,0.557,0.977,mantlmi01
169,Heinie Manush,1964,17,1923,1939,1,48.2,2008,8422,7654,1288,2524,491,160,110,1183,113,69.0,506,345.0,33.0,11.0,,186.0,0.33,0.377,0.479,0.856,manushe01
170,Rabbit Maranville,1954,23,1912,1935,0,43.9,2670,11260,10078,1256,2605,380,177,28,884,291,150.0,839,756.0,4.0,21.0,,300.0,0.258,0.318,0.34,0.658,maranra01
171,Juan Marichal,1983,16,1960,1975,10,1.0,464,1343,1221,73,202,29,2,4,75,2,5.0,38,269.0,0.0,20.0,7.0,71.0,0.165,0.191,0.202,0.393,maricju01
172,Rube Marquard,1971,18,1908,1925,0,-2.3,536,1197,1107,63,198,17,3,1,66,6,2.0,33,208.0,0.0,,,48.0,0.179,0.207,0.202,0.41,marquru01
173,Edgar Martínez,2019,18,1987,2004,7,68.4,2055,8674,7213,1219,2247,514,15,309,1261,49,30.0,1283,1202.0,113.0,190.0,77.0,10.0,0.312,0.418,0.515,0.933,martied01
174,Pedro Martinez,2015,18,1992,2009,8,-2.2,277,518,434,22,43,6,2,0,18,0,0.0,15,190.0,0.0,5.0,3.0,63.0,0.099,0.134,0.122,0.256,martipe02
175,Eddie Mathews,1978,17,1952,1968,12,96.0,2391,10101,8537,1509,2315,354,72,512,1453,68,39.0,1444,1487.0,142.0,123.0,58.0,36.0,0.271,0.376,0.509,0.885,matheed01
176,Christy Mathewson,1936,17,1900,1916,0,6.2,647,1900,1687,151,362,50,12,7,167,20,1.0,116,218.0,,,,69.0,0.215,0.272,0.271,0.543,mathech01
177,Joe Mauer,2024,15,2004,2018,6,55.6,1858,7960,6930,1018,2123,428,30,143,923,52,19.0,939,1034.0,145.0,208.0,60.0,6.0,0.306,0.388,0.439,0.827,mauerjo01
178,Willie Mays,1979,23,1948,1973,24,156.1,3005,12545,10924,2068,3293,525,141,660,1909,339,103.0,1468,1526.0,214.0,251.0,91.0,13.0,0.301,0.384,0.557,0.94,mayswi01
179,Bill Mazeroski,2001,17,1956,1972,10,36.4,2163,8379,7755,769,2016,294,62,138,853,27,23.0,447,706.0,110.0,194.0,70.0,87.0,0.26,0.299,0.367,0.667,mazerbi01
180,Tommy McCarthy,1946,13,1884,1896,0,16.2,1273,5739,5120,1066,1493,191,53,44,732,468,,536,185.0,,,,33.0,0.292,0.364,0.375,0.74,mccarto01
181,Willie McCovey,1986,22,1959,1980,6,64.5,2588,9692,8197,1229,2211,353,46,521,1555,26,22.0,1345,1550.0,260.0,176.0,70.0,5.0,0.27,0.374,0.515,0.889,mccovwi01
182,Joe McGinnity,1946,10,1899,1908,0,-2.9,477,1424,1297,109,251,21,10,0,90,26,,34,158.0,,,,81.0,0.194,0.221,0.225,0.446,mcginjo01
183,John McGraw,1937,17,1891,1907,0,45.7,1100,4946,3924,1024,1309,121,70,13,462,436,,836,155.0,,,,46.0,0.334,0.466,0.41,0.876,mcgrajo01
184,Fred McGriff,2023,19,1986,2004,5,52.6,2460,10174,8757,1349,2490,441,24,493,1550,72,38.0,1305,1882.0,171.0,226.0,71.0,2.0,0.284,0.377,0.509,0.886,mcgrifr01
185,Bill McKechnie,1962,11,1907,1920,0,3.4,846,3184,2843,319,713,86,33,8,240,127,4.0,190,204.0,,,,132.0,0.251,0.301,0.313,0.614,mckecbi01
186,Bid McPhee,2000,18,1882,1899,0,52.5,2138,9429,8304,1684,2258,303,189,53,1072,568,,982,377.0,,,,56.0,0.272,0.355,0.373,0.728,mcphebi01
187,Joe Medwick,1968,17,1932,1948,10,54.5,1984,8143,7635,1198,2471,540,113,205,1383,42,37.0,437,551.0,101.0,203.0,,44.0,0.324,0.362,0.505,0.867,medwijo01
188,José Méndez,2006,7,1920,1926,0,2.2,233,755,620,86,144,31,5,3,62,33,,85,,,,,45.0,0.232,0.33,0.313,0.642,mendejo99
189,Minnie Miñoso,2022,20,1946,1980,13,53.2,1948,8233,7059,1228,2113,365,95,195,1089,216,130.0,848,584.0,43.0,185.0,57.0,69.0,0.299,0.387,0.461,0.848,minosmi01
190,Johnny Mize,1981,15,1936,1953,10,70.5,1884,7372,6443,1118,2011,367,83,359,1337,28,12.0,856,524.0,150.0,99.0,,20.0,0.312,0.397,0.562,0.959,mizejo01
191,Paul Molitor,2004,21,1978,1998,7,75.7,2683,12167,10835,1782,3319,605,114,234,1307,504,131.0,1094,1244.0,100.0,209.0,109.0,75.0,0.306,0.369,0.448,0.817,molitpa01
192,Joe Morgan,1990,22,1963,1984,10,100.6,2649,11329,9277,1650,2517,449,96,268,1133,689,162.0,1865,1015.0,76.0,105.0,96.0,51.0,0.271,0.392,0.427,0.819,morgajo02
193,Jack Morris,2018,18,1977,1994,5,-0.1,23,1,1,4,0,0,0,0,0,0,0.0,0,0.0,0.0,0.0,0.0,0.0,0.0,0.0,0.0,0.0,morrija02
194,Eddie Murray,2003,21,1977,1997,8,68.7,3026,12817,11336,1627,3255,560,35,504,1917,110,43.0,1333,1516.0,222.0,315.0,128.0,2.0,0.287,0.359,0.476,0.836,murraed02
195,Stan Musial,1969,22,1941,1963,24,128.6,3026,12721,10972,1949,3630,725,177,475,1951,78,71.0,1599,696.0,298.0,243.0,53.0,35.0,0.331,0.417,0.559,0.976,musiast01
196,Mike Mussina,2019,18,1991,2008,5,0.0,22,54,52,3,9,1,0,0,5,0,0.0,1,9.0,0.0,0.0,0.0,1.0,0.173,0.189,0.192,0.381,mussimi01
197,Hal Newhouser,1992,17,1939,1955,6,2.7,492,1160,999,70,201,22,2,2,81,3,3.0,89,150.0,0.0,24.0,0.0,72.0,0.201,0.267,0.233,0.5,newhoha01
198,Kid Nichols,1949,15,1890,1906,0,-0.4,650,2264,2090,273,472,58,24,16,278,19,,137,343.0,,,,25.0,0.226,0.277,0.3,0.577,nichoki01
199,Phil Niekro,1997,24,1964,1987,5,-1.1,742,1707,1537,80,260,42,1,7,109,0,1.0,17,314.0,0.0,35.0,12.0,129.0,0.169,0.183,0.211,0.395,niekrph01
200,Hank O'Day,2013,7,1884,1890,0,-2.6,232,858,817,76,155,19,3,1,46,7,,39,109.0,,,,,0.19,0.228,0.224,0.452,o'dayha01
201,Buck O'Neil,2022,10,1937,1948,3,2.2,376,1490,1358,218,348,53,24,12,185,51,,116,,0.0,0.0,0.0,13.0,0.256,0.316,0.357,0.673,oneilbu01
202,Jim O'Rourke,1945,23,1872,1904,0,52.1,1999,9052,8503,1729,2639,468,149,62,1208,229,12.0,513,362.0,,6.0,,0.0,0.31,0.352,0.422,0.775,o'rouji01
203,Tony Oliva,2022,15,1962,1976,8,43.0,1676,6880,6301,870,1917,329,48,220,947,86,55.0,448,645.0,131.0,139.0,57.0,14.0,0.304,0.353,0.476,0.83,olivato01
204,David Ortiz,2022,20,1997,2016,10,55.0,2408,10091,8640,1419,2472,632,19,541,1768,17,9.0,1319,1750.0,209.0,236.0,92.0,2.0,0.286,0.38,0.552,0.931,ortizda01
205,Mel Ott,1951,22,1926,1947,11,111.0,2730,11347,9456,1859,2876,488,72,511,1860,89,95.0,1708,896.0,129.0,82.0,,110.0,0.304,0.414,0.533,0.947,ottme01
206,Satchel Paige,1971,22,1927,1965,8,0.0,422,708,672,51,137,6,8,1,49,7,0.0,14,32.0,0.0,5.0,0.0,21.0,0.204,0.221,0.241,0.462,paigesa01
207,Jim Palmer,1990,19,1965,1984,6,0.9,222,537,489,52,85,9,1,3,41,1,0.0,16,207.0,0.0,1.0,1.0,31.0,0.174,0.2,0.215,0.414,palmeji01
208,Dave Parker,2025,19,1973,1991,7,40.1,2466,10184,9358,1272,2712,526,75,339,1493,154,113.0,683,1537.0,170.0,209.0,86.0,1.0,0.29,0.339,0.471,0.81,parkeda01
209,Herb Pennock,1948,22,1912,1934,0,0.8,620,1427,1214,108,232,33,4,4,103,1,0.0,94,178.0,0.0,,,111.0,0.191,0.253,0.235,0.488,pennohe01
210,Tony Pérez,2000,23,1964,1986,7,53.9,2777,10861,9778,1272,2732,505,79,379,1652,49,33.0,925,1867.0,150.0,268.0,106.0,9.0,0.279,0.341,0.463,0.804,perezto01
211,Gaylord Perry,1991,22,1962,1983,5,-3.0,512,1220,1076,48,141,17,0,6,47,0,0.0,22,369.0,0.0,20.0,3.0,113.0,0.131,0.153,0.164,0.316,perryga01
212,Mike Piazza,2016,16,1992,2007,12,59.5,1912,7745,6911,1048,2127,344,8,427,1335,17,20.0,759,1113.0,146.0,229.0,45.0,0.0,0.308,0.377,0.545,0.922,piazzmi01
213,Eddie Plank,1946,17,1901,1917,0,3.3,630,1783,1607,130,331,39,7,3,122,13,3.0,71,265.0,,,,76.0,0.206,0.25,0.245,0.495,planked01
214,Kirby Puckett,2001,12,1984,1995,10,51.1,1783,7831,7244,1071,2304,414,57,207,1085,134,76.0,450,965.0,85.0,188.0,58.0,23.0,0.318,0.36,0.477,0.837,puckeki01
215,Old Hoss Radbourn,1939,12,1880,1891,0,2.2,653,2654,2487,308,585,64,11,9,259,26,,158,244.0,,,,,0.235,0.283,0.281,0.564,radboch01
216,Tim Raines,2017,23,1979,2002,7,69.4,2502,10359,8872,1571,2605,430,113,170,980,808,146.0,1330,966.0,148.0,142.0,76.0,39.0,0.294,0.385,0.425,0.81,raineti01
217,Pee Wee Reese,1984,16,1940,1958,10,68.4,2166,9472,8058,1338,2170,330,80,126,885,232,99.0,1210,890.0,69.0,176.0,19.0,157.0,0.269,0.366,0.377,0.743,reesepe01
218,Jim Rice,2009,16,1974,1989,8,47.7,2089,9058,8225,1249,2452,373,79,382,1451,58,34.0,670,1423.0,77.0,315.0,94.0,5.0,0.298,0.352,0.502,0.854,riceji01
219,Sam Rice,1963,20,1915,1934,0,54.3,2404,10260,9269,1514,2987,498,184,34,1077,351,147.0,708,275.0,10.0,,,213.0,0.322,0.374,0.427,0.801,ricesa01
220,Branch Rickey,1967,4,1905,1914,0,0.6,120,381,343,38,82,8,6,3,39,8,0.0,27,54.0,,,,5.0,0.239,0.304,0.324,0.628,rickebr01
221,Cal Ripken Jr.,2007,21,1981,2001,19,95.9,3001,12883,11551,1647,3184,603,44,431,1695,36,39.0,1129,1305.0,107.0,350.0,127.0,10.0,0.276,0.34,0.447,0.788,ripkeca01
222,Mariano Rivera,2019,19,1995,2013,13,0.0,73,4,3,0,0,0,0,0,1,0,0.0,1,1.0,0.0,0.0,0.0,0.0,0.0,0.25,0.0,0.25,riverma01
223,Eppa Rixey,1963,21,1912,1933,0,-1.4,694,1667,1522,95,291,33,4,3,111,2,2.0,49,220.0,0.0,2.0,,87.0,0.191,0.221,0.224,0.445,rixeyep01
224,Phil Rizzuto,1994,13,1941,1956,5,42.1,1661,6719,5816,877,1588,239,62,38,563,149,58.0,651,398.0,35.0,107.0,2.0,193.0,0.273,0.351,0.355,0.706,rizzuph01
225,Robin Roberts,1976,19,1948,1966,7,3.1,688,1784,1525,107,255,55,10,5,103,3,1.0,135,372.0,0.0,37.0,6.0,108.0,0.167,0.238,0.226,0.464,roberro01
226,Brooks Robinson,1983,23,1955,1977,18,78.3,2896,11782,10654,1232,2848,482,68,268,1357,28,22.0,860,990.0,120.0,297.0,114.0,101.0,0.267,0.322,0.401,0.723,robinbr01
227,Frank Robinson,1982,21,1956,1976,14,107.3,2808,11744,10006,1829,2943,528,72,586,1812,204,77.0,1420,1532.0,218.0,270.0,102.0,17.0,0.294,0.389,0.537,0.926,robinfr02
228,Jackie Robinson,1962,11,1945,1956,7,63.9,1416,5941,4997,972,1563,286,55,141,761,200,76.0,756,291.0,61.0,113.0,9.0,105.0,0.313,0.41,0.477,0.887,robinja02
229,Wilbert Robinson,1945,17,1886,1902,0,6.7,1371,5433,5075,637,1388,212,51,18,722,196,,286,323.0,,,,42.0,0.273,0.316,0.346,0.662,robinwi01
230,Iván Rodríguez,2017,21,1991,2011,14,68.7,2543,10270,9592,1354,2844,572,51,311,1332,127,64.0,513,1474.0,67.0,337.0,76.0,31.0,0.296,0.334,0.464,0.798,rodriiv01
231,Bullet Rogan,1998,13,1920,1938,1,23.4,681,2345,2052,413,693,106,60,50,419,106,,248,,,,,29.0,0.338,0.413,0.521,0.934,roganbu99
232,Scott Rolen,2023,17,1996,2012,7,70.1,2038,8518,7398,1211,2077,517,43,316,1287,118,49.0,899,1410.0,57.0,150.0,93.0,1.0,0.281,0.364,0.49,0.855,rolensc01
233,Edd Roush,1962,18,1913,1931,0,45.8,1967,8157,7363,1099,2376,339,182,68,981,268,134.0,484,260.0,10.0,,,256.0,0.323,0.369,0.446,0.815,roushed01
234,Red Ruffing,1967,22,1924,1947,6,13.2,882,2084,1937,207,521,98,13,36,273,1,1.0,97,266.0,4.0,13.0,,44.0,0.269,0.306,0.389,0.695,ruffire01
235,Amos Rusie,1977,10,1889,1901,0,0.6,487,1765,1730,209,429,42,29,8,176,25,,27,186.0,,,,2.0,0.248,0.262,0.32,0.582,rusieam01
236,Babe Ruth,1936,22,1914,1935,2,162.2,2503,10628,8399,2174,2873,506,136,714,2214,123,116.0,2062,1330.0,79.0,2.0,,114.0,0.342,0.474,0.69,1.164,ruthba01
237,Nolan Ryan,1999,27,1966,1993,8,-2.3,427,957,852,40,94,10,2,2,36,3,3.0,38,371.0,0.0,11.0,2.0,65.0,0.11,0.148,0.134,0.282,ryanno01
238,CC Sabathia,2025,19,2001,2019,6,0.5,48,127,121,7,25,3,0,3,15,0,0.0,2,36.0,0.0,7.0,0.0,4.0,0.207,0.22,0.306,0.525,sabatc.01
239,Ryne Sandberg,2005,16,1981,1997,10,67.9,2164,9282,8385,1318,2386,403,76,282,1061,344,107.0,761,1260.0,59.0,139.0,71.0,31.0,0.285,0.344,0.452,0.795,sandbry01
240,Ron Santo,2012,15,1960,1974,9,70.5,2243,9397,8143,1138,2254,365,67,342,1331,35,41.0,1108,1343.0,94.0,256.0,94.0,13.0,0.277,0.362,0.464,0.826,santoro01
241,Louis Santop,2006,4,1923,1926,0,2.5,115,378,350,52,111,16,5,7,65,9,0.0,24,1.0,,,,3.0,0.317,0.363,0.451,0.814,santolo99
242,Ray Schalk,1955,18,1912,1929,0,33.0,1762,6243,5306,579,1345,199,49,11,593,177,69.0,638,358.0,5.0,,,214.0,0.253,0.34,0.316,0.656,schalra01
243,Mike Schmidt,1995,18,1972,1989,12,106.9,2404,10062,8352,1506,2234,408,59,548,1595,174,92.0,1507,1883.0,201.0,156.0,108.0,16.0,0.267,0.38,0.527,0.908,schmimi01
244,Red Schoendienst,1989,19,1945,1963,10,44.9,2216,9224,8479,1223,2449,427,78,84,773,89,60.0,606,346.0,30.0,180.0,19.0,97.0,0.289,0.337,0.387,0.724,schoere01
245,Tom Seaver,1992,20,1967,1986,12,3.9,582,1552,1315,99,202,28,5,12,86,4,0.0,108,485.0,0.0,22.0,4.0,121.0,0.154,0.219,0.21,0.429,seaveto01
246,Joe Sewell,1977,14,1920,1933,0,54.9,1903,8333,7132,1141,2226,436,68,49,1054,74,74.0,842,114.0,25.0,,,275.0,0.312,0.391,0.413,0.804,seweljo01
247,Al Simmons,1953,20,1924,1944,3,68.5,2215,9520,8759,1507,2927,539,149,307,1828,88,68.0,615,737.0,79.0,23.0,,111.0,0.334,0.38,0.535,0.915,simmoal01
248,Ted Simmons,2020,21,1968,1988,8,50.4,2456,9685,8680,1074,2472,483,47,248,1389,21,33.0,855,694.0,188.0,287.0,100.0,11.0,0.285,0.348,0.437,0.785,simmote01
249,George Sisler,1939,15,1915,1930,0,54.9,2055,9018,8267,1284,2812,425,164,102,1178,375,149.0,472,327.0,4.0,,,226.0,0.34,0.379,0.468,0.847,sislege01
250,Enos Slaughter,1985,19,1938,1959,10,57.5,2380,9087,7946,1247,2383,413,148,169,1304,71,60.0,1018,538.0,108.0,139.0,10.0,73.0,0.3,0.382,0.453,0.834,slaugen01
251,Hilton Smith,2001,13,1932,1948,7,4.1,244,544,517,55,154,28,6,6,91,3,,20,,0.0,0.0,0.0,7.0,0.298,0.324,0.41,0.734,smithhi99
252,Lee Smith,2019,18,1980,1997,7,-0.5,770,71,64,2,3,0,0,1,2,0,0.0,3,42.0,0.0,0.0,0.0,4.0,0.047,0.09,0.094,0.183,smithle02
253,Ozzie Smith,2002,19,1978,1996,15,76.9,2573,10778,9396,1257,2460,402,69,28,793,580,148.0,1072,589.0,79.0,167.0,63.0,214.0,0.262,0.337,0.328,0.666,smithoz01
254,John Smoltz,2015,21,1988,2009,8,2.6,709,1167,948,77,151,26,2,5,61,3,2.0,79,365.0,0.0,15.0,1.0,136.0,0.159,0.226,0.207,0.433,smoltjo01
255,Duke Snider,1980,18,1947,1964,8,65.9,2143,8237,7161,1259,2116,358,85,407,1333,99,73.0,971,1237.0,154.0,166.0,32.0,52.0,0.295,0.38,0.54,0.919,snidedu01
256,Billy Southworth,2008,13,1913,1929,0,21.6,1192,4927,4359,661,1296,173,91,52,561,138,98.0,402,148.0,4.0,,,152.0,0.297,0.359,0.415,0.773,southbi01
257,Warren Spahn,1973,21,1942,1965,17,7.6,783,2056,1872,141,363,57,6,35,189,4,2.0,94,487.0,0.0,23.0,14.0,68.0,0.194,0.234,0.287,0.52,spahnwa01
258,Al Spalding,1939,8,1871,1878,0,6.8,411,1988,1959,417,613,86,19,2,338,18,3.0,29,26.0,,5.0,,,0.313,0.323,0.379,0.702,spaldal01
259,Tris Speaker,1937,22,1907,1928,0,135.0,2789,12021,10195,1882,3514,792,222,117,1531,436,158.0,1381,393.0,4.0,,,309.0,0.345,0.428,0.5,0.928,speaktr01
260,Willie Stargell,1988,21,1962,1982,7,57.6,2360,9027,7927,1194,2232,423,55,475,1540,17,16.0,937,1936.0,227.0,143.0,75.0,9.0,0.282,0.36,0.529,0.889,stargwi01
261,Turkey Stearnes,2000,18,1923,1940,5,49.8,993,4279,3807,917,1326,231,113,187,1009,130,,418,,0.0,0.0,,25.0,0.348,0.417,0.616,1.032,steartu99
262,Casey Stengel,1966,14,1912,1925,0,20.2,1277,4871,4288,575,1219,182,89,60,535,131,60.0,437,453.0,3.0,,,105.0,0.284,0.356,0.41,0.766,stengca01
263,Bruce Sutter,2006,12,1976,1988,6,-0.4,661,121,102,6,9,0,0,0,6,1,0.0,7,50.0,0.0,1.0,1.0,10.0,0.088,0.153,0.088,0.241,suttebr01
264,Mule Suttles,2006,21,1924,1944,5,36.5,909,3623,3220,720,1093,213,75,180,883,85,,370,,2.0,1.0,0.0,18.0,0.339,0.41,0.62,1.03,suttlmu99
265,Don Sutton,1998,23,1966,1988,4,-1.6,611,1559,1354,64,195,15,1,0,64,1,0.0,60,365.0,0.0,29.0,3.0,136.0,0.144,0.183,0.157,0.34,suttodo01
266,Ichiro Suzuki,2025,19,2001,2019,10,60.0,2653,10734,9934,1420,3089,362,96,117,780,509,117.0,647,1080.0,181.0,92.0,48.0,50.0,0.311,0.355,0.402,0.757,suzukic01
267,Ben Taylor,2006,10,1920,1929,0,17.5,627,2600,2329,378,786,135,37,26,449,36,,223,,,,,38.0,0.337,0.398,0.461,0.858,taylobe99
268,Bill Terry,1954,14,1923,1936,3,56.5,1721,7111,6428,1120,2193,373,112,154,1078,56,63.0,537,449.0,32.0,38.0,,137.0,0.341,0.393,0.506,0.899,terrybi01
269,Frank Thomas,2014,19,1990,2008,5,73.8,2322,10075,8199,1494,2468,495,12,521,1704,32,23.0,1667,1397.0,168.0,226.0,121.0,0.0,0.301,0.419,0.555,0.974,thomafr04
270,Jim Thome,2018,22,1991,2012,5,73.1,2543,10313,8422,1583,2328,451,26,612,1699,19,20.0,1747,2548.0,173.0,165.0,74.0,1.0,0.276,0.402,0.554,0.956,thomeji01
271,Sam Thompson,1974,15,1885,1906,0,44.4,1410,6526,5998,1261,1988,343,161,126,1308,232,,452,234.0,,,,13.0,0.331,0.384,0.505,0.89,thompsa01
272,Joe Tinker,1946,15,1902,1916,0,53.2,1806,7166,6441,774,1690,263,114,31,785,336,12.0,416,526.0,,,,285.0,0.262,0.308,0.353,0.661,tinkejo01
273,Joe Torre,2014,18,1960,1977,9,57.6,2209,8802,7874,996,2342,344,59,252,1185,23,29.0,779,1094.0,127.0,284.0,50.0,13.0,0.297,0.365,0.452,0.817,torrejo01
274,Cristóbal Torriente,2006,10,1920,1932,0,25.7,646,2613,2235,471,759,140,53,55,532,93,,323,,,,,35.0,0.34,0.427,0.523,0.951,torricr99
275,Alan Trammell,2018,20,1977,1996,6,70.6,2293,9376,8288,1231,2365,412,55,185,1003,236,109.0,850,874.0,48.0,156.0,76.0,124.0,0.285,0.352,0.415,0.767,trammal01
276,Pie Traynor,1948,17,1920,1937,2,38.8,1941,8298,7559,1183,2416,371,164,58,1273,158,88.0,472,278.0,19.0,47.0,,231.0,0.32,0.362,0.435,0.797,traynpi01
277,Dazzy Vance,1955,16,1915,1935,0,-2.6,442,1114,971,68,146,23,1,7,75,1,0.0,79,287.0,0.0,4.0,,55.0,0.15,0.219,0.198,0.417,vanceda01
278,Arky Vaughan,1985,14,1932,1948,9,77.9,1817,7723,6622,1173,2103,356,128,96,926,118,90.0,937,276.0,85.0,70.0,,116.0,0.318,0.406,0.453,0.859,vaughar01
279,Rube Waddell,1946,13,1897,1910,0,-2.5,410,1139,1066,61,172,29,10,4,83,6,,42,300.0,,,,23.0,0.161,0.197,0.219,0.416,wadderu01
280,Billy Wagner,2025,16,1995,2010,7,0.0,810,21,20,1,2,0,0,0,1,0,0.0,1,12.0,0.0,0.0,0.0,0.0,0.1,0.143,0.1,0.243,wagnebi02
281,Honus Wagner,1936,21,1897,1917,0,131.0,2794,11766,10439,1739,3420,643,252,101,1732,723,26.0,963,735.0,,,,221.0,0.328,0.391,0.467,0.858,wagneho01
282,Larry Walker,2020,17,1989,2005,5,72.7,1988,8030,6907,1355,2160,471,62,383,1311,230,76.0,913,1231.0,117.0,153.0,65.0,7.0,0.313,0.4,0.565,0.965,walkela01
283,Bobby Wallace,1953,25,1894,1918,0,70.4,2383,9631,8618,1057,2309,391,143,34,1121,201,10.0,774,560.0,,,,173.0,0.268,0.332,0.358,0.69,wallabo01
284,Ed Walsh,1946,14,1904,1917,0,2.1,459,1173,1085,92,210,38,10,3,68,14,1.0,46,282.0,,,,30.0,0.194,0.231,0.255,0.486,walshed01
285,Lloyd Waner,1967,18,1927,1945,1,29.8,1993,8337,7772,1201,2459,281,118,27,598,67,60.0,420,173.0,9.0,57.0,,108.0,0.316,0.353,0.393,0.747,wanerll01
286,Paul Waner,1952,20,1926,1945,4,74.7,2549,10769,9459,1627,3152,605,191,113,1309,104,101.0,1091,376.0,53.0,127.0,,174.0,0.333,0.404,0.473,0.878,wanerpa01
287,John Ward,1964,17,1878,1894,0,34.3,1827,8114,7656,1410,2107,231,96,26,869,540,,421,326.0,,,,20.0,0.275,0.314,0.341,0.655,wardjo01
288,Mickey Welch,1973,13,1880,1892,0,-0.8,607,2286,2201,268,492,93,16,12,202,10,,82,329.0,,,,,0.224,0.252,0.297,0.549,welchmi01
289,Willie Wells,1997,21,1924,1948,10,49.5,1039,4471,3920,932,1292,257,65,140,873,160,,487,,0.0,,,36.0,0.33,0.407,0.535,0.943,wellswi99
290,Zack Wheat,1959,19,1909,1927,0,60.4,2410,10007,9106,1289,2884,476,172,132,1248,205,73.0,650,572.0,15.0,,,163.0,0.317,0.367,0.45,0.817,wheatza01
291,Deacon White,2013,20,1871,1890,0,45.7,1560,6973,6624,1140,2067,270,98,24,988,70,9.0,308,221.0,,8.0,,,0.312,0.346,0.393,0.74,whitede01
292,Hoyt Wilhelm,1985,21,1952,1972,8,-2.9,1070,493,432,24,38,3,1,1,21,0,1.0,26,166.0,0.0,8.0,1.0,34.0,0.088,0.139,0.106,0.246,wilheho01
293,Billy Williams,1987,18,1959,1976,6,63.6,2488,10519,9350,1410,2711,434,88,426,1475,90,49.0,1045,1046.0,182.0,200.0,73.0,8.0,0.29,0.361,0.492,0.853,willibi01
294,Dick Williams,2008,13,1951,1964,0,3.4,1023,3265,2959,358,768,157,12,70,331,12,21.0,227,392.0,13.0,97.0,25.0,42.0,0.26,0.312,0.392,0.704,willidi02
295,Joe Williams,1999,4,1923,1932,0,0.5,68,171,155,16,35,7,0,2,24,3,,12,,,,,4.0,0.226,0.281,0.31,0.591,willijo99
296,Ted Williams,1966,19,1939,1960,19,121.8,2292,9792,7706,1798,2654,525,71,521,1839,24,17.0,2021,709.0,258.0,197.0,20.0,5.0,0.344,0.482,0.634,1.116,willite01
297,Vic Willis,1995,13,1898,1910,0,-3.9,531,1632,1493,107,248,19,4,1,84,3,,81,199.0,,,,41.0,0.166,0.213,0.186,0.399,willivi01
298,Hack Wilson,1979,12,1923,1934,0,38.7,1348,5557,4760,884,1461,266,67,244,1063,52,34.0,674,713.0,29.0,15.0,,102.0,0.307,0.395,0.545,0.94,wilsoha01
299,Jud Wilson,2006,21,1923,1945,3,33.3,911,3563,3082,625,1080,203,50,77,728,104,,416,,1.0,0.0,0.0,26.0,0.35,0.434,0.524,0.958,wilsoju99
300,Dave Winfield,2001,22,1973,1995,12,64.2,2973,12358,11003,1669,3110,540,88,465,1833,223,96.0,1216,1686.0,172.0,319.0,95.0,19.0,0.283,0.353,0.475,0.827,winfida01
301,George Wright,1937,12,1871,1882,0,23.2,591,2941,2873,665,866,124,60,11,326,47,20.0,68,119.0,,2.0,,,0.301,0.318,0.398,0.715,wrighge01
302,Harry Wright,1953,7,1871,1877,0,0.6,180,850,813,183,224,21,8,4,113,11,3.0,37,14.0,,3.0,,,0.276,0.307,0.336,0.643,wrighha01
303,Early Wynn,1972,23,1939,1963,9,9.4,796,1904,1704,136,365,59,5,17,173,1,0.0,141,330.0,1.0,33.0,4.0,52.0,0.214,0.274,0.285,0.559,wynnea01
304,Carl Yastrzemski,1989,23,1961,1983,18,96.5,3308,13992,11988,1816,3419,646,59,452,1844,168,116.0,1845,1393.0,190.0,323.0,105.0,13.0,0.285,0.379,0.462,0.841,yastrca01
305,Cy Young,1937,22,1890,1911,0,-2.0,918,3104,2960,325,623,87,35,18,290,29,,81,381.0,,,,50.0,0.21,0.234,0.282,0.516,youngcy01
306,Ross Youngs,1972,10,1917,1926,0,32.7,1211,5337,4627,812,1491,236,93,42,592,153,93.0,550,390.0,6.0,,,119.0,0.322,0.399,0.441,0.839,youngro01
307,Robin Yount,1999,20,1974,1993,3,77.4,2856,12249,11008,1632,3142,583,126,251,1406,271,105.0,966,1350.0,95.0,217.0,123.0,104.0,0.285,0.342,0.43,0.772,yountro01
